{"accuracy": [0.6376000046730042, 0.7516499757766724, 0.8213000297546387, 0.8833500146865845, 0.937749981880188, 0.9675999879837036, 0.9775999784469604, 0.9828500151634216, 0.9858999848365784, 0.9889000058174133], "loss": [0.6364728808403015, 0.5016612410545349, 0.3911784887313843, 0.2701035439968109, 0.15102939307689667, 0.08861492574214935, 0.06480467319488525, 0.05012565106153488, 0.043423205614089966, 0.03641412407159805], "val_accuracy": [0.7211999893188477, 0.7870000004768372, 0.8073999881744385, 0.8037999868392944, 0.7879999876022339, 0.796999990940094, 0.8037999868392944, 0.7922000288963318, 0.7896000146865845, 0.7860000133514404], "val_loss": [0.5602671504020691, 0.4490155875682831, 0.4379136860370636, 0.5217296481132507, 0.8298319578170776, 0.9673339128494263, 1.1195613145828247, 1.3375165462493896, 1.191780686378479, 1.2440539598464966]}