{"accuracy": [0.6534000039100647, 0.7552499771118164, 0.8152499794960022, 0.868399977684021, 0.9289000034332275, 0.9591500163078308, 0.9764500260353088, 0.9839000105857849, 0.9853000044822693, 0.9876499772071838], "loss": [0.6199363470077515, 0.49848881363868713, 0.39873141050338745, 0.3000738024711609, 0.18034616112709045, 0.11017313599586487, 0.06456246972084045, 0.04758627712726593, 0.04224357381463051, 0.03821583092212677], "val_accuracy": [0.7368000149726868, 0.7657999992370605, 0.7943999767303467, 0.7778000235557556, 0.7979999780654907, 0.7829999923706055, 0.7875999808311462, 0.7991999983787537, 0.7835999727249146, 0.8008000254631042], "val_loss": [0.5190575122833252, 0.47575196623802185, 0.4524683654308319, 0.5696455836296082, 0.8136572241783142, 0.9291179776191711, 0.9983901381492615, 1.1972808837890625, 1.1676502227783203, 1.2704508304595947]}